{
    "ec63": {
        "testing": [
            -0.0003874269379018358,
            -1.570012532528687,
            8.839330280974167e-05,
            0.00013078710725800136,
            -0.0002959084157367897,
            0.0005204190105123629
        ],
        "home": [
            -3.2207431707450707,
            -1.9821843821686942,
            0.2910947040781231,
            -0.7921291267550519,
            -4.628688246232384,
            -1.6719213535337025
        ],
        "scan1": [
            -1.5155577207899311,
            -1.9821355499777216,
            0.2911946714525673,
            -0.2640006161067108,
            -4.80470158714559,
            4.804725156931789
        ],
        "scan2": [
            -6.282872728415508,
            -1.9821123589671892,
            0.2911271546692893,
            -0.26404332350984294,
            -4.804620683346392,
            4.804787786532373
        ],
        "scan3": [
            -0.8271248537084284,
            -1.982221681548177,
            0.29112681772874627,
            -0.7921109139974059,
            -4.628549109331071,
            4.5232323923907165
        ]
    },
    "owl65": {
        "home": null
    }
}