{
    "robot": {
        "tester": [
            0.3799731750488281,
            -0.09922995758056641,
            0.854141845703125,
            -3.141017677110445,
            1.5404541335472968,
            2.9405540850091287
        ]
    },
    "ec63": {
        "home": [
            -0.45703125099251163,
            0.10085228928586379,
            0.457868500522119,
            -0.016158303010686194,
            -0.9924474388084848,
            -0.012240176386647515,
            0.12098416643642934
        ],
        "home pose": [
            0.19769780241944152,
            -0.15193639834105044,
            0.42792844436879,
            0.0016470447207205224,
            -0.0005643142790942824,
            0.0006014284549705483
        ],
        "pose1": [
            0.2198061674461371,
            0.30813943388901477,
            0.3861425612856502,
            0.0026760732876501847,
            -2.271625601049659e-05,
            0.0023735833450625873
        ],
        "pose2": [
            0.3093173464120627,
            -0.23963474187685274,
            0.6125302842175855,
            0.0016384515139984009,
            0.0011540958413144991,
            0.000955063763210986
        ],
        "pose3": [
            -0.1292485601110478,
            -0.3861550293253554,
            0.16980089049905692,
            -0.0029350026852536675,
            0.0013197442452565226,
            0.001300036859637841
        ],
        "waypoint1": [
            -0.014244670466008663,
            0.01596213542884172,
            0.7643342725164773,
            0.001770431563252443,
            0.0015625486258658838,
            0.0018377905075755026
        ],
        "waypoint2": [
            -0.011504817715759785,
            -0.24625547237311857,
            0.7140472512120506,
            0.0015193127443558982,
            0.0011324171515125568,
            0.0015860600031245378
        ],
        "waypoint3": [
            -0.015973867153210225,
            0.17735541972100022,
            0.7224704156923825,
            -0.0016312639010284508,
            0.0011082750318341921,
            -0.0015647312287287458
        ],
        "waypoint4": [
            0.12751978577214843,
            0.34984983682325416,
            0.16920372414641968,
            0.0024585102079829947,
            0.0015053086520387358,
            -0.0028068540155455225
        ],
        "waypoint5": [
            0.22216436478619636,
            0.4210139116249925,
            0.17937349527343083,
            0.0017047222299334348,
            0.0015340151545766476,
            0.0026565652214785383
        ],
        "pose4": [
            0.11029041737515244,
            0.3049296984389763,
            0.16215769723907353,
            0.0028989922512070374,
            0.0014644918425553675,
            -0.002400820466565611
        ],
        "pose5": [
            0.17362849601157682,
            0.37881149242145734,
            0.1667812209919237,
            0.002939025006214172,
            0.0014132887299683817,
            -0.0023611167404048983
        ],
        "trial1": [
            0.39098382372274826,
            0.16170918894481373,
            0.6523285559955931,
            -7.865550795089908e-06,
            0.0013669555232001301,
            0.00019855701664671152
        ],
        "rest": [
            0.3613116206282419,
            -0.03259398175971677,
            0.3588099626511866,
            0.7065504276206584,
            0.021620673854808797,
            -0.012463087665874688,
            0.7072225329674966
        ],
        "cup": [
            0.3728054969419466,
            0.03179580567127801,
            0.051954011984949436,
            0.0016250505805726306,
            -5.723560375116681e-05,
            0.0015402487177299446
        ],
        "hold": [
            0.2926466526048448,
            0.03447562662634236,
            0.14050281269927972,
            0.0016250495161831402,
            -5.722958809645348e-05,
            0.0015402495377563115
        ],
        "hold2": [
            0.33470263998367267,
            0.03243235936143385,
            0.06901662282731023,
            0.0016250584115878207,
            -5.723103814641841e-05,
            0.0015402519398509435
        ],
        "serve": [
            0.3728077507332064,
            0.03179386528730554,
            0.2431602691982392,
            0.001625023593404872,
            -5.7229916679489664e-05,
            0.0015402515844231053
        ],
        "test": [
            0.4693533647362802,
            0.040950888618666456,
            0.20618625000467367,
            0.7067065043063148,
            0.022691277378189784,
            -0.01590347767699704,
            0.7069640033975367
        ],
        "test2": [
            -0.2016173395944692,
            -0.29525853601775054,
            0.23188428158904076,
            0.01977708533887131,
            -0.9997805002587042,
            0.006904348212421959,
            0.00038493339159843007
        ],
        "test1": [
            -0.2099484537427117,
            -0.08472293263128684,
            0.20705666843145237,
            0.019899382012625037,
            -0.9997813956831041,
            0.006346196748408139,
            0.0009493304434309207
        ],
        "orient": [
            0.44758619254478244,
            0.08537233690461417,
            0.31173722250055536,
            -0.0031380563102318187,
            0.00014588754696575078,
            -0.0030602106456745315
        ],
        "supply": [
            0.1872959916749018,
            0.3506506949735154,
            0.25240242252912304,
            -0.0031332449550926715,
            0.0007348900150557865,
            -0.002246245821299983
        ],
        "bin": [
            0.03402294347642327,
            -0.03475925547331497,
            0.473655686978322,
            0.5250909409535247,
            -0.47358918473134215,
            0.5250172168863978
        ],
        "weird": [
            -0.05748938646914617,
            -0.5023583487240966,
            0.5456442974059219,
            0.003125511847033558,
            0.00011879559975016932,
            0.001623463155175497
        ],
        "pick": [
            -0.4013936210279854,
            0.004937739474444407,
            0.19396176877129825,
            -0.003032439560393167,
            0.9999884571311148,
            -0.0005715595149393873,
            0.003682829695523902
        ],
        "calibrate": [
            -0.09801558466098823,
            -0.016600414286398912,
            0.6659023514681776,
            -0.4931418430234237,
            -0.5069397960564456,
            -0.4935454353450503,
            0.5061976581176325
        ],
        "scan1": [
            0.1001530554310149,
            -0.01111896021061945,
            0.5276221566012089,
            0.7121668771462264,
            -0.6856730009545863,
            0.09614564940370018,
            0.11587445343329453
        ],
        "scan2": [
            -0.08129643804282666,
            -0.059548345913705655,
            0.5276108857491245,
            -0.38032760644788444,
            -0.9125217738236716,
            -0.07305162732377193,
            0.13159933060875292
        ],
        "scan3": [
            0.019104272100428102,
            0.09895085145989613,
            0.5276091238675443,
            0.9883897857557402,
            -0.020791699749148785,
            0.1491893754469892,
            0.019896403921326265
        ],
        "scan4": [
            -0.03505582621773598,
            -0.08607417772031345,
            0.6100423699817311,
            -0.08723233099544626,
            -0.8869061867834028,
            -0.08254408429447954,
            0.4460654777299076
        ],