{
    "ec64": {
        "homeview": [
            764.8116494302184,
            -629.9001161045272,
            628.6826736142667,
            -3.1136296644709316,
            0.02983224936930838,
            0.8281751114932716
        ],
        "stare": [
            1194.9064649670051,
            -582.6921288094804,
            659.4195571517278,
            -3.057182998920209,
            -1.3857925935793431,
            0.13896601667539601
        ],
        "space": [
            1574.6092412845596,
            -478.720986021725,
            460.24984427839314,
            1.870326442188521,
            -0.006071961163152987,
            1.7535964274933453
        ]
    }
}