{"ec64": {"home": [772.2524523784291, 111.81111657061665, 802.7698163464895, -1.669226524731107, 1.8175220501248875e-06, -1.624429657695616], "test1": [714.2518584820625, 314.20090927449706, 802.773642181164, -1.6692287506892118, 1.8178680638087478e-06, -1.3537909345101173], "test2": [805.901288575437, 334.3965417572044, 664.1681398428204, -1.8395020247494058, 2.8131966167676065e-05, -1.3537889829515752]}}